{
    "first_models": {
        "Logistic regression": [
            {
                "False": {
                    "precision": 0.625,
                    "recall": 0.5555555555555556,
                    "f1-score": 0.5882352941176471,
                    "support": 54
                },
                "True": {
                    "precision": 0.42857142857142855,
                    "recall": 0.5,
                    "f1-score": 0.4615384615384615,
                    "support": 36
                },
                "accuracy": 0.5333333333333333,
                "macro avg": {
                    "precision": 0.5267857142857143,
                    "recall": 0.5277777777777778,
                    "f1-score": 0.5248868778280543,
                    "support": 90
                },
                "weighted avg": {
                    "precision": 0.5464285714285715,
                    "recall": 0.5333333333333333,
                    "f1-score": 0.5375565610859728,
                    "support": 90
                }
            },
            {
                "C": 1.0,
                "class_weight": null,
                "dual": false,
                "fit_intercept": true,
                "intercept_scaling": 1,
                "l1_ratio": null,
                "max_iter": 100,
                "multi_class": "auto",
                "n_jobs": null,
                "penalty": "l2",
                "random_state": null,
                "solver": "lbfgs",
                "tol": 0.0001,
                "verbose": 0,
                "warm_start": false
            }
        ],
        "Decision Tree": [
            {
                "False": {
                    "precision": 0.8076923076923077,
                    "recall": 0.7777777777777778,
                    "f1-score": 0.7924528301886792,
                    "support": 54
                },
                "True": {
                    "precision": 0.6842105263157895,
                    "recall": 0.7222222222222222,
                    "f1-score": 0.7027027027027027,
                    "support": 36
                },
                "accuracy": 0.7555555555555555,
                "macro avg": {
                    "precision": 0.7459514170040487,
                    "recall": 0.75,
                    "f1-score": 0.747577766445691,
                    "support": 90
                },
                "weighted avg": {
                    "precision": 0.7582995951417004,
                    "recall": 0.7555555555555555,
                    "f1-score": 0.7565527791942885,
                    "support": 90
                }
            },
            {
                "ccp_alpha": 0.0,
                "class_weight": null,
                "criterion": "gini",
                "max_depth": null,
                "max_features": null,
                "max_leaf_nodes": null,
                "min_impurity_decrease": 0.0,
                "min_samples_leaf": 1,
                "min_samples_split": 2,
                "min_weight_fraction_leaf": 0.0,
                "random_state": null,
                "splitter": "best"
            }
        ],
        "Random Forest": [
            {
                "False": {
                    "precision": 0.8103448275862069,
                    "recall": 0.8703703703703703,
                    "f1-score": 0.8392857142857144,
                    "support": 54
                },
                "True": {
                    "precision": 0.78125,
                    "recall": 0.6944444444444444,
                    "f1-score": 0.7352941176470588,
                    "support": 36
                },
                "accuracy": 0.8,
                "macro avg": {
                    "precision": 0.7957974137931034,
                    "recall": 0.7824074074074074,
                    "f1-score": 0.7872899159663866,
                    "support": 90
                },
                "weighted avg": {
                    "precision": 0.7987068965517241,
                    "recall": 0.8,
                    "f1-score": 0.7976890756302523,
                    "support": 90
                }
            },
            {
                "bootstrap": true,
                "ccp_alpha": 0.0,
                "class_weight": null,
                "criterion": "gini",
                "max_depth": null,
                "max_features": "auto",
                "max_leaf_nodes": null,
                "max_samples": null,
                "min_impurity_decrease": 0.0,
                "min_samples_leaf": 1,
                "min_samples_split": 2,
                "min_weight_fraction_leaf": 0.0,
                "n_estimators": 10,
                "n_jobs": null,
                "oob_score": false,
                "random_state": null,
                "verbose": 0,
                "warm_start": false
            }
        ],
        "SVM": [
            {
                "False": {
                    "precision": 0.72,
                    "recall": 0.6666666666666666,
                    "f1-score": 0.6923076923076923,
                    "support": 54
                },
                "True": {
                    "precision": 0.55,
                    "recall": 0.6111111111111112,
                    "f1-score": 0.5789473684210527,
                    "support": 36
                },
                "accuracy": 0.6444444444444445,
                "macro avg": {
                    "precision": 0.635,
                    "recall": 0.6388888888888888,
                    "f1-score": 0.6356275303643725,
                    "support": 90
                },
                "weighted avg": {
                    "precision": 0.6519999999999999,
                    "recall": 0.6444444444444445,
                    "f1-score": 0.6469635627530365,
                    "support": 90
                }
            },
            {
                "C": 1.0,
                "break_ties": false,
                "cache_size": 200,
                "class_weight": null,
                "coef0": 0.0,
                "decision_function_shape": "ovr",
                "degree": 3,
                "gamma": "scale",
                "kernel": "rbf",
                "max_iter": -1,
                "probability": false,
                "random_state": null,
                "shrinking": true,
                "tol": 0.001,
                "verbose": false
            }
        ],
        "Lenght from dataset": 300,
        "columns": 12
    }
}